lead_id,valid_from,status,is_converted,converted_date,owner_id
L041,2099-01-30,Open,FALSE,,U002
L041,2099-02-05,Working,FALSE,,U002
L041,2099-02-20,Qualified,FALSE,,U001
L041,2099-03-01,Unqualified,FALSE,,U002
L042,2099-01-30,Open,FALSE,,U001
L042,2099-02-08,Working,FALSE,,U001
L042,2099-02-28,Working,FALSE,,U002
L043,2099-01-31,Open,FALSE,,U002
L043,2099-02-10,Working,FALSE,,U002
L043,2099-02-25,Qualified,FALSE,,U002
L043,2099-03-08,Working,FALSE,,U001
L043,2099-03-22,Converted,TRUE,2099-03-22,U002
L044,2099-01-31,Open,FALSE,,U001
L044,2099-02-12,Qualified,FALSE,,U001
L045,2099-02-01,Open,FALSE,,U002
L045,2099-02-14,Working,FALSE,,U002
L045,2099-02-28,Open,FALSE,,U002
